,"('Financial News', 'negative')","('Financial News', 'neutral')","('Financial News', 'positive')","('IMDB', 'negative')","('IMDB', 'positive')","('Movie Reviews', 'neg')","('Movie Reviews', 'pos')"
"('Financial News', 'negative')",0.0,0.31770019214671574,0.15847429367893823,14.88024335558394,15.427736797838131,0.7185726485136722,0.8850360694956434
"('Financial News', 'neutral')",0.31770019214671574,0.0,0.048078871101155586,11.735753844166773,12.214685145690012,0.2364174498354219,0.28950202161361344
"('Financial News', 'positive')",0.15847429367893823,0.048078871101155586,0.0,12.820629689471408,13.305143933572166,0.35860329603999985,0.44652223318914064
"('IMDB', 'negative')",14.88024335558394,11.735753844166773,12.820629689471408,0.0,0.3128125190257461,10.183801315314987,9.593015160881942
"('IMDB', 'positive')",15.427736797838131,12.214685145690012,13.305143933572166,0.3128125190257461,0.0,10.688159943957858,10.017266810348437
"('Movie Reviews', 'neg')",0.7185726485136722,0.2364174498354219,0.35860329603999985,10.183801315314987,10.688159943957858,0.0,0.020756051807172896
"('Movie Reviews', 'pos')",0.8850360694956434,0.28950202161361344,0.44652223318914064,9.593015160881942,10.017266810348437,0.020756051807172896,0.0
