,Financial News,IMDB,Movie Reviews
Financial News,0.0,12.239309370713825,0.2762475859905984
IMDB,12.239309370713825,0.0,10.056317976785932
Movie Reviews,0.2762475859905984,10.056317976785932,0.0
