,Crowd Flower,Emotions Dataset,Twitter
Crowd Flower,0.0,0.16494443228982664,0.3760112412765827
Emotions Dataset,0.16494443228982664,0.0,0.40893309300555264
Twitter,0.3760112412765827,0.40893309300555264,0.0
