,Crowd Flower,Emotions Dataset,TwitterOne,TwitterTwo
Crowd Flower,0.0,0.1687727457114711,0.39905303773561995,0.3800024901678696
Emotions Dataset,0.1687727457114711,0.0,0.4315460974849969,0.4158880704279264
TwitterOne,0.39905303773561995,0.4315460974849969,0.0,0.003031251899090375
TwitterTwo,0.3800024901678696,0.4158880704279264,0.003031251899090375,0.0
