,Financial News,IMDB,Movie Reviews
Financial News,0.0,12.228575621004705,0.2797284820704332
IMDB,12.228575621004705,0.0,10.067391146242588
Movie Reviews,0.2797284820704332,10.067391146242588,0.0
