,Financial News,IMDB,Movie Reviews
Financial News,0.0,12.300113573976835,0.282370461566651
IMDB,12.300113573976835,0.0,10.062237969164446
Movie Reviews,0.282370461566651,10.062237969164446,0.0
