,Crowd Flower,Emotions Dataset,Twitter
Crowd Flower,0.0,0.16511706666875045,0.3946683097063831
Emotions Dataset,0.16511706666875045,0.0,0.4286064436586695
Twitter,0.3946683097063831,0.4286064436586695,0.0
