,"('Financial News', 'negative')","('Financial News', 'neutral')","('Financial News', 'positive')","('IMDB', 'negative')","('IMDB', 'positive')","('Movie Reviews', 'neg')","('Movie Reviews', 'pos')"
"('Financial News', 'negative')",0.0,0.32639504974922984,0.1682521651848938,14.985428715893901,15.534220918978521,0.7391806373021707,0.9092511491207302
"('Financial News', 'neutral')",0.32639504974922984,0.0,0.04609383026394905,11.822421342055174,12.301279340485868,0.2388344860574467,0.29550188475233374
"('Financial News', 'positive')",0.1682521651848938,0.04609383026394905,0.0,12.852552988205558,13.331167173912874,0.35299253432276684,0.44428176048172974
"('IMDB', 'negative')",14.985428715893901,11.822421342055174,12.852552988205558,0.0,0.3213633633428203,10.175988652862717,9.589709635960887
"('IMDB', 'positive')",15.534220918978521,12.301279340485868,13.331167173912874,0.3213633633428203,0.0,10.679853356165529,10.013277357732035
"('Movie Reviews', 'neg')",0.7391806373021707,0.2388344860574467,0.35299253432276684,10.175988652862717,10.679853356165529,0.0,0.020619155304387835
"('Movie Reviews', 'pos')",0.9092511491207302,0.29550188475233374,0.44428176048172974,9.589709635960887,10.013277357732035,0.020619155304387835,0.0
